country_or_dependency,population_2020,yearly_change,net_change,density_p/km²,land_area_km²,migrants_net,fert_rate,med_age,urban_pop_%,world_share,total_population,percentage,percentage_formatted,urban_pop,rural_pop_%,rural_pop,population_2024,population_2023,population_2022,population_2021,population_2019,population_2018,population_2017,population_2016,population_2015,population_density,growth_rate
CHINA,1440297825,0.39 %,5540090,153,9388211,-348399.0,1.7,38,61 %,18.47 %,7808449406,18.45,18.45%,878581673,39 %,561716151,1526940516,1504313724,1496555398,1442696429,1406268106,1356799290,1347501411,1310836440,1273887862,153.42,13.06
INDIA,1382345085,0.99 %,13586631,464,2973190,-532687.0,2.2,28,35 %,17.70 %,7808449406,17.7,17.7%,483820779,65 %,898524305,1469280732,1445746136,1436660020,1409207700,1330675827,1308125454,1281220004,1253103077,1229849630,464.94,12.4
UNITED STATES,331341050,0.59 %,1937734,36,9147420,954806.0,1.8,38,83 %,4.25 %,7808449406,4.24,4.24%,275013071,17 %,56327978,352956373,348657962,341411009,331699305,319177965,314667879,310762142,302969137,295498480,36.22,12.13
INDONESIA,274021604,1.07 %,2898047,151,1811570,-98955.0,2.3,30,56 %,3.51 %,7808449406,3.51,3.51%,153452098,44 %,120569505,293369152,287603697,284473403,277256499,264956547,261763528,255713852,249815906,243461881,151.26,12.55
PAKISTAN,221612785,2.00 %,4327022,287,770880,-233379.0,3.6,23,35 %,2.83 %,7808449406,2.84,2.84%,77564474,65 %,144048310,236798916,231863057,229813575,222160982,213535886,211883989,208150575,200437304,196325899,287.48,12.88
BRAZIL,212821986,0.72 %,1509890,25,8358140,21200.0,1.7,33,88 %,2.73 %,7808449406,2.73,2.73%,187283347,12 %,25538638,227476730,223576225,218241751,215990675,207189043,201104809,199319296,195582479,189429546,25.46,12.35
NIGERIA,206984347,2.58 %,5175990,226,910770,-60000.0,5.4,18,52 %,2.64 %,7808449406,2.65,2.65%,107631860,48 %,99352486,221408257,217260619,214568801,207208202,200007949,197054954,193408421,186990382,185061998,227.26,11.85
BANGLADESH,164972348,1.01 %,1643222,1265,130170,-369501.0,2.1,28,39 %,2.11 %,7808449406,2.11,2.11%,64339215,61 %,100633132,175767167,174759651,170745828,166960876,160381585,155911545,153070561,150063335,147462946,1267.36,11.87
RUSSIA,145945524,0.04 %,62206,9,16376870,182456.0,1.8,40,74 %,1.87 %,7808449406,1.87,1.87%,107999687,26 %,37945836,155951733,154286962,151071224,148252935,141758900,138265847,135263680,133526239,128591319,8.91,13.5
MEXICO,129166028,1.06 %,1357224,66,1943950,-60000.0,2.1,29,84 %,1.65 %,7808449406,1.65,1.65%,108499463,16 %,20666564,138910306,136291008,133671117,131271210,124415281,123492056,121109126,117004596,113996495,66.45,13.31
JAPAN,126407422,-0.30 %,-383840,347,364555,71560.0,1.4,48,92 %,1.62 %,7808449406,1.62,1.62%,116294828,8 %,10112593,136187324,131994464,131179174,127210472,123117471,120368477,116878419,114387188,111295928,346.74,13.58
ETHIOPIA,115434444,2.57 %,2884858,115,1000000,30000.0,4.3,19,21 %,1.47 %,7808449406,1.48,1.48%,24241233,79 %,91193210,124359415,120706691,119752149,117210060,112890272,109542820,107131217,106106934,103881263,115.43,11.12
PHILIPPINES,109830324,1.35 %,1464463,368,298170,-67152.0,2.6,26,47 %,1.41 %,7808449406,1.41,1.41%,51620252,53 %,58210071,116646075,114694265,113303493,111550457,105872857,104985837,102948579,100224006,96852496,368.35,13.4
EGYPT,102659126,1.94 %,1946331,103,995450,-38033.0,3.3,25,43 %,1.31 %,7808449406,1.31,1.31%,44143424,57 %,58515701,110085027,107513665,106316044,103904760,99805032,98193674,95353418,93810748,90371233,103.13,13.6
VIETNAM,97490013,0.91 %,876473,314,310070,-80000.0,2.1,32,38 %,1.25 %,7808449406,1.25,1.25%,37046204,62 %,60443808,104277633,103064997,99684590,98516373,95527777,92194344,91480546,88652161,87137616,314.41,11.88
DR CONGO,90003954,3.19 %,2770836,40,2267050,23861.0,6.0,17,46 %,1.15 %,7808449406,1.15,1.15%,41401818,54 %,48602135,96912470,93752511,93518352,90181082,88136055,86037784,84476448,81812645,80118409,39.7,12.34
TURKEY,84495243,1.09 %,909452,110,769630,283922.0,2.1,32,76 %,1.08 %,7808449406,1.08,1.08%,64216384,24 %,20278858,90209776,89420569,87087322,85243401,82029765,80740833,79201026,77254166,74651991,109.79,13.19
IRAN,84176929,1.30 %,1079043,52,1628550,-55000.0,2.2,32,76 %,1.08 %,7808449406,1.08,1.08%,63974466,24 %,20202462,89598165,89028351,87268511,84624216,80967402,80750642,78672667,76698116,74788037,51.69,12.55
GERMANY,83830972,0.32 %,266897,240,348560,543822.0,1.6,46,76 %,1.07 %,7808449406,1.07,1.07%,63711538,24 %,20119433,90226113,88827763,85951378,84805395,81599473,79669699,78580997,77031619,74323559,240.51,12.79
THAILAND,69830779,0.25 %,174396,137,510890,19444.0,1.5,40,51 %,0.90 %,7808449406,0.89,0.89%,35613697,49 %,34217081,74985100,73042382,72567265,71197463,68187406,66151628,65034759,63714344,62703725,136.68,11.37
UNITED KINGDOM,67948282,0.53 %,355839,281,241930,260650.0,1.8,40,83 %,0.87 %,7808449406,0.87,0.87%,56397074,17 %,11551207,72121504,71053674,70004568,68952253,65735421,65006710,63862417,62148238,61130970,280.86,11.15
FRANCE,65298930,0.22 %,143783,119,547557,36527.0,1.9,42,82 %,0.84 %,7808449406,0.84,0.84%,53545122,18 %,11753807,69239456,69124295,67785695,65337966,63048142,62679128,61132822,58959816,57885773,119.26,12.81
ITALY,60446035,-0.15 %,-88249,206,294140,148943.0,1.3,47,69 %,0.78 %,7808449406,0.77,0.77%,41707764,31 %,18738270,64829488,62958899,62267963,60944508,58629941,57267751,56725723,55163568,54312171,205.5,11.29
TANZANIA,60012400,2.98 %,1728755,67,885800,-40076.0,4.9,18,37 %,0.77 %,7808449406,0.77,0.77%,22204588,63 %,37807812,63968775,63494944,62089780,60179094,57614167,56790792,55577461,54993912,53464621,67.75,12.25
SOUTH AFRICA,59436725,1.28 %,750420,49,1213090,145405.0,2.4,28,67 %,0.76 %,7808449406,0.76,0.76%,39822605,33 %,19614119,63051285,61826655,61287792,60349510,57358276,56017927,55673558,53942638,52740845,49.0,12.7
MYANMAR,54473253,0.67 %,364380,83,653290,-163313.0,2.2,29,31 %,0.70 %,7808449406,0.7,0.7%,16886708,69 %,37586544,57995137,57627784,56134365,55097282,52341717,51622231,51101714,49263306,48276748,83.38,12.84
KENYA,53968739,2.28 %,1197323,94,569140,-10000.0,3.5,20,28 %,0.69 %,7808449406,0.69,0.69%,15111246,72 %,38857492,57363324,57116806,55581237,54193109,51992891,50833747,50547877,48798721,48044661,94.83,12.33
SOUTH KOREA,51276977,0.09 %,43877,527,97230,11731.0,1.1,44,82 %,0.66 %,7808449406,0.66,0.66%,42047121,18 %,9229855,54518214,54024164,52403894,51374506,50165970,49070920,48139898,46951241,45636138,527.38,12.36
COLOMBIA,50976248,1.08 %,543448,46,1109500,204796.0,1.8,31,80 %,0.65 %,7808449406,0.65,0.65%,40780998,20 %,10195249,54684784,53375502,52441876,51685460,49446955,48487817,47605191,46697858,45192508,45.95,12.8
SPAIN,46757980,0.04 %,18002,94,498800,40000.0,1.3,45,80 %,0.60 %,7808449406,0.6,0.6%,37406384,20 %,9351596,50224430,49256170,48445530,47519851,45344143,44104174,43944259,42399109,41728263,93.74,12.05
UGANDA,45974931,3.32 %,1471413,229,199810,168694.0,5.0,17,26 %,0.59 %,7808449406,0.59,0.59%,11953482,74 %,34021448,49174123,48452776,47374795,46165576,44767198,43712192,42334709,42252838,40694669,230.09,12.98
ARGENTINA,45267449,0.93 %,415097,17,2736690,4800.0,2.3,32,93 %,0.58 %,7808449406,0.58,0.58%,42098727,7 %,3168721,48263968,47667999,46295898,45609964,44325812,42948979,42457366,41189665,39898591,16.54,13.46
ALGERIA,43984569,1.85 %,797990,18,2381740,-10000.0,3.1,29,73 %,0.56 %,7808449406,0.56,0.56%,32108735,27 %,11875833,47456656,45926443,45486606,44726786,42857526,42214930,41311990,40000923,38728493,18.47,13.57
SUDAN,44019263,2.42 %,1036022,25,1765048,-50000.0,4.4,20,35 %,0.56 %,7808449406,0.56,0.56%,15406742,65 %,28612520,46705636,46491337,45260229,44633773,43015201,41884708,41155125,40234298,39117661,24.94,12.53
UKRAINE,43686577,-0.59 %,-259876,75,579320,10000.0,1.4,41,69 %,0.56 %,7808449406,0.56,0.56%,30143738,31 %,13542838,46637139,46202068,44818282,43882385,42696015,41305069,41032878,39641810,38774702,75.41,12.67
IRAQ,40372771,2.32 %,912710,93,434320,7834.0,3.7,21,73 %,0.52 %,7808449406,0.52,0.52%,29472122,27 %,10900648,42800694,42002915,41416480,40502090,39262461,38529263,37557115,36774116,35768952,92.96,12.87
AFGHANISTAN,39074280,2.33 %,886592,60,652860,-62920.0,4.6,18,25 %,0.50 %,7808449406,0.5,0.5%,9768570,75 %,29305710,41468128,41141876,40081292,39602142,38221637,37406587,36042299,35781956,35135351,59.85,11.21
POLAND,37839255,-0.11 %,-41157,124,306230,-29395.0,1.4,42,60 %,0.49 %,7808449406,0.48,0.48%,22703553,40 %,15135702,40844749,39614418,39255020,38117188,36353267,35745588,35121110,34468266,33769831,123.56,12.05
CANADA,37799407,0.89 %,331107,4,9093510,242032.0,1.5,41,81 %,0.48 %,7808449406,0.48,0.48%,30617519,19 %,7181887,40559157,40051274,38670679,38388985,36784573,35683723,35528443,34269457,33676334,4.16,12.24
MOROCCO,36985624,1.20 %,438791,83,446300,-51419.0,2.4,30,64 %,0.47 %,7808449406,0.47,0.47%,23670799,36 %,13314824,39238934,39054296,38222029,37716405,35610900,34884881,34083027,33511805,32793105,82.87,12.78
SAUDI ARABIA,34905942,1.59 %,545343,16,2149690,134979.0,2.3,32,84 %,0.45 %,7808449406,0.45,0.45%,29320991,16 %,5584950,37361905,36792637,35700073,35542474,33911093,32888613,32404583,31622229,31113336,16.24,12.19
UZBEKISTAN,33551824,1.48 %,487487,79,425400,-8863.0,2.4,28,50 %,0.43 %,7808449406,0.43,0.43%,16775912,50 %,16775912,36181266,35426982,34314829,33657316,32303243,31735632,31458440,30485710,29572147,78.87,13.46
PERU,33050211,1.42 %,461401,26,1280000,99069.0,2.3,31,79 %,0.42 %,7808449406,0.42,0.42%,26109666,21 %,6940544,35438837,34930257,33799369,33703206,31821208,31375166,30459774,30401976,29683862,25.82,11.34
ANGOLA,33032075,3.27 %,1040977,26,1246700,6413.0,5.6,17,67 %,0.42 %,7808449406,0.42,0.42%,22131490,33 %,10900584,35287685,34522859,34333911,33657651,32115689,31468351,30750443,29903044,29342140,26.5,12.58
MALAYSIA,32436963,1.30 %,416222,99,328550,50000.0,2.0,30,78 %,0.42 %,7808449406,0.42,0.42%,25300831,22 %,7136131,34522720,33815720,33712531,32466077,31267008,31072002,30319292,29443917,29069992,98.73,11.58
MOZAMBIQUE,31398811,2.93 %,889399,40,786380,-5000.0,4.9,18,38 %,0.40 %,7808449406,0.4,0.4%,11931548,62 %,19467262,33530539,32756595,32618370,31867085,30510475,29725260,29217448,28306574,28079291,39.93,11.82
GHANA,31181428,2.15 %,655084,137,227540,-10000.0,3.9,22,57 %,0.40 %,7808449406,0.4,0.4%,17773413,43 %,13408014,33264463,32649140,32039467,31417192,30430375,29851343,28758472,28131865,27842019,137.04,11.99
YEMEN,29935468,2.28 %,664042,56,527970,-30000.0,3.8,20,38 %,0.38 %,7808449406,0.38,0.38%,11375477,62 %,18559990,31937629,31636979,30942130,30104600,29075838,28536827,27706145,27324531,26614381,56.7,12.48
NEPAL,29225196,1.85 %,528098,203,143350,41710.0,1.9,25,21 %,0.37 %,7808449406,0.37,0.37%,6137291,79 %,23087904,31053929,30735308,29976428,29345116,28490062,27481493,26923696,26696155,25838670,203.87,13.11
VENEZUELA,28421581,-0.28 %,-79889,32,882050,-653249.0,2.3,30,0,0.36 %,7808449406,0.36,0.36%,0,0 %,0,30491328,29760183,29084123,28549257,27775034,27052476,26415028,26116148,25381322,32.22,11.98
MADAGASCAR,27808395,2.68 %,721711,48,581795,-1500.0,4.1,20,39 %,0.36 %,7808449406,0.36,0.36%,10845274,61 %,16963120,29695504,29398451,28760337,28096416,26946710,26502245,25915623,25581103,24654214,47.8,12.79
CAMEROON,26655083,2.59 %,669483,56,472710,-4800.0,4.6,19,56 %,0.34 %,7808449406,0.34,0.34%,14926846,44 %,11728236,28398468,28137312,27544129,27035739,25852383,25448064,24616078,24354497,23539538,56.39,13.24
CÔTE D'IVOIRE,26486282,2.57 %,661730,83,318000,-8000.0,4.7,19,51 %,0.34 %,7808449406,0.34,0.34%,13508003,49 %,12978278,28086412,27780122,27458831,26493275,25764717,25052982,24824775,24101977,23777230,83.29,11.39
NORTH KOREA,25798588,0.44 %,112655,214,120410,-5403.0,1.9,35,63 %,0.33 %,7808449406,0.33,0.33%,16253110,37 %,9545477,27641925,27288880,26725448,26081673,25137629,24443117,24106007,23626201,23093518,214.26,11.71
AUSTRALIA,25550683,1.18 %,296686,3,7682300,158246.0,1.8,38,86 %,0.33 %,7808449406,0.33,0.33%,21973587,14 %,3577095,27585365,26660872,26394252,25655415,25003530,24192066,23511287,23157154,22887131,3.33,11.64
NIGER,24346468,3.84 %,895929,19,1266700,4000.0,7.0,15,17 %,0.31 %,7808449406,0.31,0.31%,4138899,83 %,20207568,26062282,25790173,24972013,24409127,23413102,23009059,22617609,22179030,21626426,19.22,12.58
TAIWAN,23824369,0.18 %,42899,673,35410,30001.0,1.2,42,79 %,0.31 %,7808449406,0.31,0.31%,18821251,21 %,5003117,25560962,24951519,24468106,23872694,23055000,22715454,22090229,21914189,21061050,672.81,13.12
SRI LANKA,21428970,0.42 %,89516,341,62710,-97986.0,2.2,34,18 %,0.27 %,7808449406,0.27,0.27%,3857214,82 %,17571755,22781693,22583671,22036952,21672850,20875715,20296642,20123693,19563880,19094799,341.72,12.22
BURKINA FASO,20997293,2.86 %,581895,76,273600,-25000.0,5.2,18,31 %,0.27 %,7808449406,0.27,0.27%,6509160,69 %,14488132,22610455,22046674,21730221,21383892,20487280,19963227,19629255,18979859,18684617,76.74,12.38
MALI,20346106,3.02 %,592802,17,1220190,-40000.0,5.9,16,44 %,0.26 %,7808449406,0.26,0.26%,8952286,56 %,11393819,21831323,21198439,20778644,20465729,19791314,19395814,18996730,18400704,18245188,16.67,11.51
ROMANIA,19214608,-0.66 %,-126866,84,230170,-73999.0,1.6,43,55 %,0.25 %,7808449406,0.25,0.25%,10568034,45 %,8646573,20690065,20273467,19809287,19473113,18617994,18222455,17950675,17429614,17269351,83.48,11.26
MALAWI,19211425,2.69 %,501205,203,94280,-16053.0,4.3,18,18 %,0.25 %,7808449406,0.25,0.25%,3458056,82 %,15753368,20740178,20042594,19939385,19570379,18582505,18100996,17929800,17539134,17166483,203.77,11.91
CHILE,19144605,0.87 %,164163,26,743532,111708.0,1.7,35,85 %,0.25 %,7808449406,0.25,0.25%,16272914,15 %,2871690,20479885,19920554,19891449,19237910,18655345,18112241,17797013,17310235,17048271,25.75,12.3
KAZAKHSTAN,18815231,1.21 %,225280,7,2699700,-18000.0,2.8,31,58 %,0.24 %,7808449406,0.24,0.24%,10912833,42 %,7902397,20181505,19930695,19432095,19003241,18233865,17984830,17526115,17257757,16681940,6.97,12.79
ZAMBIA,18468257,2.93 %,522925,25,743390,-8000.0,4.7,18,45 %,0.24 %,7808449406,0.24,0.24%,8310715,55 %,10157541,19747993,19523394,18953110,18791911,18078135,17490624,17006902,16840837,16603987,24.84,11.23
GUATEMALA,17971382,1.90 %,334096,167,107160,-9215.0,2.9,23,52 %,0.23 %,7808449406,0.23,0.23%,9345118,48 %,8626263,19198143,18726845,18459486,18192298,17371375,17202958,16546325,16338951,15926768,167.71,12.84
ECUADOR,17688599,1.55 %,269392,71,248360,36400.0,2.4,28,63 %,0.23 %,7808449406,0.23,0.23%,11143817,37 %,6544781,18754271,18445845,18334075,17795062,17327713,16833643,16617713,16156787,15814005,71.22,11.85
SYRIA,17571053,2.52 %,430523,95,183630,-427391.0,2.8,26,60 %,0.22 %,7808449406,0.23,0.23%,10542631,40 %,7028421,18973245,18552907,18270432,17868294,16905031,16619413,16464454,15815217,15780661,95.69,11.35
NETHERLANDS,17141544,0.22 %,37742,508,33720,16000.0,1.7,43,92 %,0.22 %,7808449406,0.22,0.22%,15770220,8 %,1371323,18206477,17893431,17826299,17259148,16691152,16295534,16079029,15572148,15339512,508.35,11.75
SENEGAL,16816539,2.75 %,447563,87,192530,-20000.0,4.7,19,49 %,0.21 %,7808449406,0.22,0.22%,8240104,51 %,8576434,17871327,17739931,17481773,17044103,16200849,16120216,15486298,15453028,14853738,87.35,13.21
CAMBODIA,16758448,1.41 %,232423,95,176520,-30000.0,2.5,26,24 %,0.21 %,7808449406,0.21,0.21%,4022027,76 %,12736420,17834113,17746572,17353768,16766227,16139281,15932836,15437780,15348645,14794972,94.94,13.27
CHAD,16502877,3.00 %,478988,13,1259200,2000.0,5.8,17,23 %,0.21 %,7808449406,0.21,0.21%,3795661,77 %,12707215,17577242,17287932,16834995,16628604,15847653,15768544,15449679,15072413,14738243,13.11,11.97
SOMALIA,15965848,2.92 %,450317,25,627340,-40000.0,6.1,17,47 %,0.20 %,7808449406,0.2,0.2%,7503948,53 %,8461899,16983004,16907047,16373299,16261090,15633244,15009019,14865964,14447767,14181909,25.45,12.58
ZIMBABWE,14899771,1.48 %,217456,38,386850,-116858.0,3.6,19,38 %,0.19 %,7808449406,0.19,0.19%,5661912,62 %,9237858,16049396,15697715,15207888,14926066,14582644,14226828,13965777,13692902,13199101,38.52,12.88
GUINEA,13191279,2.83 %,361549,53,245720,-4000.0,4.7,18,39 %,0.17 %,7808449406,0.17,0.17%,5144598,61 %,8046680,14031751,13936855,13473352,13404998,12822354,12594159,12270589,12132095,11864441,53.68,11.18
RWANDA,13005303,2.58 %,325268,525,24670,-9000.0,4.1,20,18 %,0.17 %,7808449406,0.17,0.17%,2340954,82 %,10664348,13797374,13779389,13372781,13252789,12711986,12354690,12219817,11768400,11602433,527.17,12.09
BENIN,12175480,2.73 %,322049,108,112760,-2000.0,4.9,19,48 %,0.16 %,7808449406,0.16,0.16%,5844230,52 %,6331249,13064785,12843818,12651838,12177558,11827453,11504038,11430877,11168367,10910998,107.98,11.59
BURUNDI,11948454,3.12 %,360204,463,25680,2001.0,5.5,17,14 %,0.15 %,7808449406,0.15,0.15%,1672783,86 %,10275670,12707379,12452193,12260259,12052566,11511394,11373275,10995611,10938402,10536159,465.28,13.4
TUNISIA,11839918,1.06 %,123900,76,155360,-4000.0,2.2,33,70 %,0.15 %,7808449406,0.15,0.15%,8287942,30 %,3551975,12739563,12419436,12092341,12072885,11421429,11296339,10946381,10817724,10637353,76.21,11.31
BOLIVIA,11700207,1.39 %,159921,11,1083300,-9504.0,2.8,26,69 %,0.15 %,7808449406,0.15,0.15%,8073142,31 %,3627064,12605245,12398962,12122124,11804445,11400514,11055470,10901519,10601416,10415106,10.8,12.34
BELGIUM,11598451,0.44 %,50295,383,30280,48000.0,1.7,42,98 %,0.15 %,7808449406,0.15,0.15%,11366481,2 %,231969,12426573,12079473,11859232,11720944,11146199,11100334,10755099,10463390,10236527,383.04,13.3
HAITI,11426356,1.24 %,139451,414,27560,-35000.0,3.0,24,57 %,0.15 %,7808449406,0.15,0.15%,6513022,43 %,4913333,12281166,12096865,11805457,11596565,11066086,10960994,10679376,10406954,10134992,414.6,12.74
CUBA,11325391,-0.06 %,-6867,106,106440,-14400.0,1.6,42,78 %,0.15 %,7808449406,0.15,0.15%,8833804,22 %,2491586,12139443,11982383,11567448,11469725,10947172,10763171,10491560,10321612,10098182,106.4,12.15
SOUTH SUDAN,11216250,1.19 %,131612,18,610952,-174200.0,4.7,19,25 %,0.14 %,7808449406,0.14,0.14%,2804062,75 %,8412187,11935712,11772844,11457626,11331500,10794279,10757024,10410789,10308878,10061189,18.36,11.48
DOMINICAN REPUBLIC,10866667,1.01 %,108952,225,48320,-30000.0,2.4,28,85 %,0.14 %,7808449406,0.14,0.14%,9236666,15 %,1630000,11607749,11320948,11086979,11023699,10536299,10327686,10168535,9824260,9600431,224.89,13.19
CZECH REPUBLIC (CZECHIA),10712481,0.18 %,19772,139,77240,22011.0,1.6,43,74 %,0.14 %,7808449406,0.14,0.14%,7927235,26 %,2785245,11558107,11350735,11082815,10864727,10376670,10270245,9877707,9784652,9524868,138.69,12.47
GREECE,10413936,-0.48 %,-50401,81,128900,-16000.0,1.3,46,85 %,0.13 %,7808449406,0.13,0.13%,8851845,15 %,1562090,11078745,10908592,10786795,10430474,10019909,9862250,9740992,9389371,9174356,80.79,13.51
JORDAN,10220604,1.00 %,101440,115,88780,10220.0,2.8,24,91 %,0.13 %,7808449406,0.13,0.13%,9300749,9 %,919854,10980854,10671049,10587712,10264455,9985626,9656263,9539133,9327720,9021839,115.12,13.29
PORTUGAL,10191409,-0.29 %,-29478,111,91590,-6000.0,1.3,46,66 %,0.13 %,7808449406,0.13,0.13%,6726329,34 %,3465079,10894734,10754638,10407184,10388567,9919638,9733823,9459155,9361599,9075147,111.27,12.3
AZERBAIJAN,10154978,0.91 %,91459,123,82658,1200.0,2.1,32,56 %,0.13 %,7808449406,0.13,0.13%,5686787,44 %,4468190,10931336,10625660,10512680,10348957,9857811,9730601,9350316,9294349,9133400,122.86,11.19
SWEDEN,10110233,0.63 %,62886,25,410340,40000.0,1.9,41,88 %,0.13 %,7808449406,0.13,0.13%,8897005,12 %,1213227,10903765,10653141,10356950,10279198,9865593,9629547,9367186,9124752,9052367,24.64,11.69
HONDURAS,9931333,1.63 %,158490,89,111890,-6800.0,2.5,24,57 %,0.13 %,7808449406,0.13,0.13%,5660859,43 %,4270473,10663310,10332789,10236019,10020851,9568158,9437447,9279766,9041445,8831923,88.76,12.45
UNITED ARAB EMIRATES,9910892,1.23 %,119873,118,83600,40000.0,1.4,33,86 %,0.13 %,7808449406,0.13,0.13%,8523367,14 %,1387524,10674399,10397466,10131537,10099766,9607233,9331781,9293521,9031445,8911332,118.55,11.22
HUNGARY,9655983,-0.25 %,-24328,107,90530,6000.0,1.5,43,72 %,0.12 %,7808449406,0.12,0.12%,6952307,28 %,2703675,10283132,10177962,9961833,9790765,9416671,9205082,9035359,8840768,8533216,106.66,13.16
TAJIKISTAN,9573310,2.32 %,216627,68,139960,-20000.0,3.6,22,27 %,0.12 %,7808449406,0.12,0.12%,2584793,73 %,6988516,10217402,9985654,9844187,9704192,9217480,9075400,8980530,8791335,8615520,68.4,11.12
BELARUS,9448772,-0.03 %,-3088,47,202910,8730.0,1.7,40,79 %,0.12 %,7808449406,0.12,0.12%,7464529,21 %,1984242,10144990,9887525,9788846,9591173,9258469,8992010,8831544,8606695,8419350,46.57,12.23
AUSTRIA,9015361,0.57 %,51296,109,82409,65000.0,1.5,43,57 %,0.12 %,7808449406,0.12,0.12%,5138755,43 %,3876605,9729817,9437479,9288116,9113591,8730432,8623022,8465165,8140762,7984386,109.4,12.91
PAPUA NEW GUINEA,8975531,1.95 %,170915,20,452860,-800.0,3.6,22,13 %,0.11 %,7808449406,0.11,0.11%,1166819,87 %,7808711,9691354,9420067,9248859,8977651,8652818,8586589,8391242,8101271,8029608,19.82,11.78
SERBIA,8731081,-0.40 %,-34864,100,87460,4000.0,1.5,42,56 %,0.11 %,7808449406,0.11,0.11%,4889405,44 %,3841675,9336124,9202480,9061988,8842984,8404439,8226538,8195255,7958374,7701764,99.83,13.36
ISRAEL,8678517,1.60 %,136158,400,21640,10000.0,3.0,30,93 %,0.11 %,7808449406,0.11,0.11%,8071020,7 %,607496,9355521,9174181,8991844,8692384,8336783,8242830,8063619,7925074,7718813,401.04,12.43
SWITZERLAND,8665615,0.74 %,63257,219,39516,52000.0,1.5,43,74 %,0.11 %,7808449406,0.11,0.11%,6412555,26 %,2253059,9299217,9126390,8971112,8711306,8458016,8288600,8131341,7822915,7648826,219.29,13.29
TOGO,8310934,2.43 %,196358,152,54390,-2000.0,4.4,19,43 %,0.11 %,7808449406,0.11,0.11%,3573701,57 %,4737232,8972875,8740902,8637772,8352789,8077361,7813899,7650808,7600494,7477996,152.8,11.14
SIERRA LEONE,8004158,2.10 %,163768,111,72180,-4200.0,4.3,19,43 %,0.10 %,7808449406,0.1,0.1%,3441787,57 %,4562370,8492953,8402782,8279058,8079237,7793265,7639807,7463078,7279414,7099886,110.89,12.74
HONG KONG,7507523,0.82 %,60827,7140,1050,29308.0,1.3,45,0,0.10 %,7808449406,0.1,0.1%,0,0 %,0,7992573,7914319,7803807,7515687,7245139,7085672,7043392,6830400,6642646,7150.02,13.02
LAOS,7293542,1.48 %,106105,32,230800,-14704.0,2.7,24,36 %,0.09 %,7808449406,0.09,0.09%,2625675,64 %,4667866,7794633,7706081,7578078,7397110,7063078,6941034,6792117,6645821,6470624,31.6,12.72
PARAGUAY,7147553,1.25 %,87902,18,397300,-16556.0,2.4,26,62 %,0.09 %,7808449406,0.09,0.09%,4431482,38 %,2716070,7627375,7565198,7328877,7198562,6895367,6798791,6652348,6456370,6387926,17.99,11.89
BULGARIA,6939018,-0.74 %,-51674,64,108560,-4800.0,1.6,45,76 %,0.09 %,7808449406,0.09,0.09%,5273653,24 %,1665364,7492693,7330445,7187142,6985666,6737492,6640050,6416019,6326020,6169003,63.92,12.48
LIBYA,6887247,1.38 %,93840,4,1759540,-1999.0,2.3,29,78 %,0.09 %,7808449406,0.09,0.09%,5372052,22 %,1515194,7385870,7251616,7161478,6921641,6747314,6533759,6397477,6222070,6063734,3.91,13.58
LEBANON,6819976,-0.44 %,-30268,667,10230,-30012.0,2.1,30,78 %,0.09 %,7808449406,0.09,0.09%,5319581,22 %,1500394,7298036,7156784,6993205,6840667,6658834,6486752,6338595,6230529,6083996,666.66,12.1
NICARAGUA,6638075,1.21 %,79052,55,120340,-21272.0,2.4,26,57 %,0.08 %,7808449406,0.09,0.09%,3783702,43 %,2854372,7069893,6966686,6832638,6760147,6490779,6351581,6191262,5975583,5921545,55.16,12.1
KYRGYZSTAN,6542426,1.69 %,108345,34,191800,-4000.0,3.0,26,36 %,0.08 %,7808449406,0.08,0.08%,2355273,64 %,4187152,7049541,6926710,6703288,6592024,6386047,6186878,6069026,5912650,5828912,34.11,12.24
EL SALVADOR,6491923,0.51 %,32652,313,20720,-40539.0,2.1,28,73 %,0.08 %,7808449406,0.08,0.08%,4739103,27 %,1752819,6905337,6807370,6625010,6612349,6261994,6147712,6050039,5858824,5760596,313.32,12.7
TURKMENISTAN,6046292,1.50 %,89111,13,469930,-5000.0,2.8,27,53 %,0.08 %,7808449406,0.08,0.08%,3204534,47 %,2841757,6512955,6380916,6271244,6061247,5924930,5691703,5664434,5483254,5397502,12.87,12.02
SINGAPORE,5858322,0.79 %,46005,8358,700,27028.0,1.2,42,0,0.08 %,7808449406,0.08,0.08%,0,0 %,0,6296038,6162468,5999576,5895476,5720663,5513033,5444831,5348550,5205760,8369.03,12.54
DENMARK,5795780,0.35 %,20326,137,42430,15200.0,1.8,42,88 %,0.07 %,7808449406,0.07,0.07%,5100286,12 %,695493,6163183,6042785,5956287,5800941,5625671,5488448,5431895,5313978,5146245,136.6,12.62
FINLAND,5542237,0.15 %,8564,18,303890,14000.0,1.5,43,86 %,0.07 %,7808449406,0.07,0.07%,4766323,14 %,775913,5949447,5812899,5670239,5646389,5392276,5289955,5125663,5033738,4952030,18.24,11.92
CONGO,5540555,2.56 %,137579,16,341500,-4000.0,4.5,19,70 %,0.07 %,7808449406,0.07,0.07%,3878388,30 %,1662166,5896802,5773609,5728280,5605209,5319050,5238235,5133043,5006551,4983838,16.22,11.17
SLOVAKIA,5460109,0.05 %,2629,114,48088,1485.0,1.5,41,54 %,0.07 %,7808449406,0.07,0.07%,2948458,46 %,2511650,5863796,5701386,5595421,5547831,5302758,5142359,5067059,4945872,4865115,113.54,12.23
NORWAY,5428594,0.79 %,42384,15,365268,28000.0,1.7,40,83 %,0.07 %,7808449406,0.07,0.07%,4505733,17 %,922860,5849660,5680608,5565447,5459020,5259256,5164375,5044545,4988664,4852235,14.86,11.88
OMAN,5128058,2.65 %,131640,16,309500,87400.0,2.9,31,87 %,0.07 %,7808449406,0.07,0.07%,4461410,13 %,666647,5463083,5380213,5291101,5202742,4946803,4918691,4807314,4650653,4586334,16.57,11.81
STATE OF PALESTINE,5121112,2.41 %,119994,847,6020,-10563.0,3.7,21,80 %,0.07 %,7808449406,0.07,0.07%,4096889,20 %,1024222,5462092,5366956,5272457,5129474,4960112,4849687,4802116,4633641,4600727,850.68,11.31
COSTA RICA,5102158,0.92 %,46557,100,51060,4200.0,1.8,33,80 %,0.07 %,7808449406,0.07,0.07%,4081726,20 %,1020431,5449910,5330258,5242720,5183608,4993997,4849793,4703029,4671016,4511470,99.92,13.09
LIBERIA,5077411,2.44 %,120307,53,96320,-5000.0,4.4,19,53 %,0.06 %,7808449406,0.07,0.07%,2691027,47 %,2386383,5477038,5319592,5241549,5158005,4876053,4871853,4727014,4636364,4511964,52.71,12.53
IRELAND,4947267,1.13 %,55291,72,68890,23604.0,1.8,38,63 %,0.06 %,7808449406,0.06,0.06%,3116778,37 %,1830488,5310304,5191489,5121879,4965947,4781264,4747075,4586432,4482010,4432539,71.81,11.61
CENTRAL AFRICAN REPUBLIC,4843954,1.78 %,84582,8,622980,-40000.0,4.8,18,43 %,0.06 %,7808449406,0.06,0.06%,2082900,57 %,2761053,5175483,5134163,4941862,4888369,4707481,4565159,4512805,4393501,4307504,7.78,12.45
NEW ZEALAND,4829021,0.82 %,39170,18,263310,14881.0,1.9,38,87 %,0.06 %,7808449406,0.06,0.06%,4201248,13 %,627772,5119633,5031258,4933737,4893028,4712556,4543895,4529962,4412015,4266937,18.34,13.17
MAURITANIA,4669775,2.74 %,123962,5,1030700,5000.0,4.6,20,57 %,0.06 %,7808449406,0.06,0.06%,2661771,43 %,2008003,4977598,4914328,4799442,4683993,4575919,4392828,4335419,4211488,4117719,4.53,13.41
PANAMA,4326296,1.61 %,68328,58,74340,11200.0,2.5,30,68 %,0.06 %,7808449406,0.06,0.06%,2941881,32 %,1384414,4603194,4553578,4456530,4364441,4163656,4131541,4018176,3912006,3864056,58.2,11.96
KUWAIT,4281320,1.51 %,63488,240,17820,39520.0,2.1,37,0,0.05 %,7808449406,0.05,0.05%,0,0 %,0,4560101,4506002,4434377,4281599,4188110,4085123,4023504,3858692,3787141,240.25,13.05
CROATIA,4100719,-0.61 %,-25037,73,55960,-8001.0,1.4,44,58 %,0.05 %,7808449406,0.05,0.05%,2378417,42 %,1722301,4381262,4328666,4243608,4115742,3954230,3904270,3790043,3740414,3641357,73.28,12.62
MOLDOVA,4032294,-0.23 %,-9300,123,32850,-1387.0,1.3,38,43 %,0.05 %,7808449406,0.05,0.05%,1733886,57 %,2298407,4354138,4218244,4169173,4056795,3921250,3863839,3768530,3696300,3618238,122.75,11.44
GEORGIA,3987805,-0.19 %,-7598,57,69490,-10000.0,2.1,38,58 %,0.05 %,7808449406,0.05,0.05%,2312926,42 %,1674878,4283710,4225759,4098620,4023653,3859608,3760073,3719906,3630633,3520486,57.39,13.27
ERITREA,3554797,1.41 %,49304,35,101000,-39858.0,4.1,19,63 %,0.05 %,7808449406,0.05,0.05%,2239522,37 %,1315274,3818876,3738719,3674552,3602168,3448221,3360484,3308936,3213917,3149122,35.2,12.88
URUGUAY,3475842,0.35 %,11996,20,175020,-3000.0,2.0,36,96 %,0.04 %,7808449406,0.04,0.04%,3336808,4 %,139033,3688159,3665960,3552756,3531169,3357949,3282808,3198811,3141769,3114017,19.86,11.62
BOSNIA AND HERZEGOVINA,3277152,-0.61 %,-20181,64,51000,-21585.0,1.3,43,52 %,0.04 %,7808449406,0.04,0.04%,1704119,48 %,1573032,3482236,3427940,3354879,3311915,3211387,3104877,3065948,2977580,2898334,64.26,13.07
MONGOLIA,3287242,1.65 %,53123,2,1553560,-852.0,2.9,28,67 %,0.04 %,7808449406,0.04,0.04%,2202452,33 %,1084789,3535744,3431776,3416297,3295772,3216482,3098356,3078905,2992507,2952534,2.12,11.34
ARMENIA,2964219,0.19 %,5512,104,28470,-4998.0,1.8,35,63 %,0.04 %,7808449406,0.04,0.04%,1867457,37 %,1096761,3149520,3103965,3069189,3007027,2891634,2819430,2763334,2710967,2611716,104.12,13.5
JAMAICA,2963429,0.44 %,12888,273,10830,-11332.0,2.0,31,55 %,0.04 %,7808449406,0.04,0.04%,1629885,45 %,1333543,3180588,3120461,3062177,2963777,2895416,2813574,2738692,2678156,2658499,273.63,11.47
QATAR,2889284,1.73 %,48986,248,11610,40000.0,1.9,32,96 %,0.04 %,7808449406,0.04,0.04%,2773712,4 %,115571,3073242,3059648,2968740,2898055,2814293,2721792,2680809,2646851,2554235,248.86,13.12
ALBANIA,2877239,-0.11 %,-3120,105,27400,-14000.0,1.6,36,63 %,0.04 %,7808449406,0.04,0.04%,1812660,37 %,1064578,3074501,3042874,2974834,2912843,2803784,2705581,2664206,2604358,2537253,105.01,13.4
PUERTO RICO,2846860,-2.47 %,-72555,323,8870,-97986.0,1.2,44,0,0.04 %,7808449406,0.04,0.04%,0,0 %,0,3036274,3013230,2937945,2884239,2788525,2693347,2649668,2614619,2529091,320.95,12.56
LITHUANIA,2715340,-1.35 %,-37338,43,62674,-32780.0,1.7,45,71 %,0.03 %,7808449406,0.03,0.03%,1927891,29 %,787448,2892236,2876602,2802379,2766623,2629665,2593801,2523764,2451931,2440495,43.32,11.26
NAMIBIA,2548663,1.86 %,46375,3,823290,-4806.0,3.4,22,55 %,0.03 %,7808449406,0.03,0.03%,1401764,45 %,1146898,2735906,2666313,2632888,2570451,2447053,2412375,2352248,2305037,2273416,3.1,12.11
GAMBIA,2427782,2.94 %,68962,239,10120,-3087.0,5.3,18,59 %,0.03 %,7808449406,0.03,0.03%,1432391,41 %,995390,2610422,2542119,2524558,2454441,2344449,2321014,2251931,2223354,2184562,239.9,11.13
BOTSWANA,2359585,2.08 %,47930,4,566730,3000.0,2.9,24,73 %,0.03 %,7808449406,0.03,0.03%,1722497,27 %,637087,2537075,2455240,2453810,2379632,2269607,2264076,2206961,2168201,2086682,4.16,13.08
GABON,2234448,2.45 %,53155,9,257670,3260.0,4.0,23,87 %,0.03 %,7808449406,0.03,0.03%,1943969,13 %,290478,2402862,2360264,2295929,2277215,2169666,2129709,2077631,2038190,1980150,8.67,12.84
LESOTHO,2145194,0.80 %,16981,71,30360,-10047.0,3.2,24,31 %,0.03 %,7808449406,0.03,0.03%,665010,69 %,1480183,2296822,2250912,2215723,2151114,2059747,2026387,1991217,1966401,1926235,70.66,11.37
NORTH MACEDONIA,2083359,0.00 %,-85,83,25220,-1000.0,1.5,39,59 %,0.03 %,7808449406,0.03,0.03%,1229181,41 %,854177,2246025,2177801,2158876,2092184,2008910,1994491,1928902,1901767,1869989,82.61,11.41
SLOVENIA,2078989,0.01 %,284,103,20140,2000.0,1.6,45,55 %,0.03 %,7808449406,0.03,0.03%,1143443,45 %,935545,2234763,2185714,2124555,2094966,2025462,1968881,1937077,1882796,1844664,103.23,12.7
GUINEA-BISSAU,1975718,2.45 %,47079,70,28120,-1399.0,4.5,19,45 %,0.03 %,7808449406,0.03,0.03%,889073,55 %,1086644,2102349,2071577,2054256,1983857,1929455,1862089,1824374,1813741,1748008,70.26,13.03
LATVIA,1882408,-1.08 %,-20545,30,62200,-14837.0,1.7,44,69 %,0.02 %,7808449406,0.02,0.02%,1298861,31 %,583546,2026182,1989632,1941273,1888441,1831518,1773520,1738997,1714249,1685851,30.26,11.66
BAHRAIN,1711057,3.68 %,60403,2239,760,47800.0,2.0,32,89 %,0.02 %,7808449406,0.02,0.02%,1522840,11 %,188216,1818451,1797994,1776565,1716832,1670626,1625278,1594706,1543376,1538726,2251.39,11.2
EQUATORIAL GUINEA,1410419,3.47 %,46999,50,28050,16000.0,4.6,22,73 %,0.02 %,7808449406,0.02,0.02%,1029605,27 %,380813,1502759,1492951,1447447,1411768,1354021,1352819,1317237,1277628,1250367,50.28,12.8
TRINIDAD AND TOBAGO,1400283,0.32 %,4515,273,5130,-800.0,1.7,36,52 %,0.02 %,7808449406,0.02,0.02%,728147,48 %,672135,1508555,1460947,1436891,1418797,1368781,1320053,1296415,1277477,1233200,272.96,13.55
ESTONIA,1326693,0.07 %,887,31,42390,3911.0,1.6,42,68 %,0.02 %,7808449406,0.02,0.02%,902151,32 %,424541,1406984,1399979,1361762,1349774,1280786,1251233,1222247,1208513,1172552,31.3,13.15
TIMOR-LESTE,1322667,1.96 %,25326,89,14870,-5385.0,4.1,21,33 %,0.02 %,7808449406,0.02,0.02%,436480,67 %,886186,1422801,1381986,1353208,1341534,1287383,1257323,1241412,1193998,1169166,88.95,13.13
MAURITIUS,1272140,0.17 %,2100,626,2030,0.0,1.4,37,41 %,0.02 %,7808449406,0.02,0.02%,521577,59 %,750562,1363553,1346715,1320647,1295010,1222724,1209318,1170862,1153286,1125439,626.67,13.04
CYPRUS,1208886,0.73 %,8784,131,9240,5000.0,1.3,37,67 %,0.02 %,7808449406,0.02,0.02%,809953,33 %,398932,1287986,1263762,1238232,1218890,1160801,1145662,1115824,1097585,1081970,130.83,11.73
ESWATINI,1162233,1.05 %,12034,67,17200,-8353.0,3.0,21,30 %,0.01 %,7808449406,0.01,0.01%,348669,70 %,813563,1249213,1216054,1201634,1167415,1122647,1097838,1072016,1062994,1035405,67.57,12.25
DJIBOUTI,990447,1.48 %,14440,43,23180,900.0,2.8,27,79 %,0.01 %,7808449406,0.01,0.01%,782453,21 %,207993,1069228,1036521,1022471,1007414,960059,936181,924730,901640,874353,42.73,13.28
FIJI,897573,0.73 %,6492,49,18270,-6202.0,2.8,28,59 %,0.01 %,7808449406,0.01,0.01%,529568,41 %,368004,961698,942478,916515,913338,879107,853606,834527,813805,798868,49.13,12.36
RÉUNION,896422,0.72 %,6385,358,2500,-1256.0,2.3,36,100 %,0.01 %,7808449406,0.01,0.01%,896422,0 %,0,962045,938369,915437,908094,872280,852169,835037,821797,791117,358.57,13.31
COMOROS,872695,2.20 %,18715,467,1861,-2000.0,4.2,20,29 %,0.01 %,7808449406,0.01,0.01%,253081,71 %,619613,934147,922681,903613,877272,840267,833750,810844,799237,778087,468.94,12.16
GUYANA,787215,0.48 %,3786,4,196850,-6000.0,2.5,27,27 %,0.01 %,7808449406,0.01,0.01%,212548,73 %,574666,849825,832168,804550,789106,760250,746172,736742,714244,697260,4.0,12.9
BHUTAN,773069,1.12 %,8516,20,38117,320.0,2.0,28,46 %,0.01 %,7808449406,0.01,0.01%,355611,54 %,417457,833458,816819,802813,780772,751396,737729,719844,702292,695440,20.28,11.16
SOLOMON ISLANDS,689671,2.55 %,17061,25,27990,-1600.0,4.4,20,23 %,0.01 %,7808449406,0.01,0.01%,158624,77 %,531046,740512,721904,707659,699096,668695,659558,634777,621058,619213,24.64,11.38
MACAO,650846,1.39 %,8890,21645,30,5000.0,1.2,39,0,0.01 %,7808449406,0.01,0.01%,0,0 %,0,690598,682148,671578,662043,631513,612508,605255,594138,579304,21694.87,12.35
MONTENEGRO,628080,0.01 %,79,47,13450,-480.0,1.8,39,68 %,0.01 %,7808449406,0.01,0.01%,427094,32 %,200985,667964,661552,652109,637341,612511,600045,588803,566336,560254,46.7,12.11
LUXEMBOURG,627704,1.66 %,10249,242,2590,9741.0,1.5,40,88 %,0.01 %,7808449406,0.01,0.01%,552379,12 %,75324,674769,658544,642781,633182,611666,601225,589702,565395,554614,242.36,13.18
WESTERN SAHARA,599769,2.55 %,14876,2,266000,5582.0,2.4,28,87 %,0.01 %,7808449406,0.01,0.01%,521799,13 %,77969,639448,633617,620834,607465,579592,574904,557478,540180,534711,2.25,12.17
SURINAME,587541,0.90 %,5260,4,156000,-1000.0,2.4,29,65 %,0.01 %,7808449406,0.01,0.01%,381901,35 %,205639,626141,615079,606685,588202,567673,554789,541112,539288,518090,3.77,13.41
CABO VERDE,557026,1.10 %,6052,138,4030,-1342.0,2.3,28,68 %,0.01 %,7808449406,0.01,0.01%,378777,32 %,178248,591431,584750,573684,557308,544972,525933,515688,503283,496362,138.22,12.22
MALDIVES,542151,1.81 %,9591,1802,300,11370.0,1.9,30,35 %,0.01 %,7808449406,0.01,0.01%,189752,65 %,352398,577749,567603,555751,551584,522690,510975,501972,496797,485625,1807.17,11.64
MALTA,441750,0.27 %,1171,1380,320,900.0,1.5,43,93 %,0.01 %,7808449406,0.01,0.01%,410827,7 %,30922,469732,467149,451981,450569,430287,421621,414518,398883,394806,1380.47,11.89
BRUNEI,438202,0.97 %,4194,83,5270,0.0,1.8,32,80 %,0.01 %,7808449406,0.01,0.01%,350561,20 %,87640,466306,457948,452662,439425,424842,417526,405329,400564,391472,83.15,11.94
GUADELOUPE,400136,0.02 %,68,237,1690,-1440.0,2.2,44,0,0.01 %,7808449406,0.01,0.01%,0,0 %,0,428419,417193,412400,403953,390703,379215,368693,365167,353655,236.77,13.14
BELIZE,398845,1.86 %,7275,17,22810,1200.0,2.3,25,46 %,0.01 %,7808449406,0.01,0.01%,183468,54 %,215376,430101,421354,407244,403695,388979,379939,368412,365598,353264,17.49,12.9
BAHAMAS,393893,0.97 %,3762,39,10010,1000.0,1.8,32,86 %,0.01 %,7808449406,0.01,0.01%,338747,14 %,55145,419001,411324,409412,399328,384894,374129,366920,357989,351070,39.35,12.2
MARTINIQUE,375213,-0.08 %,-289,354,1060,-960.0,1.9,47,92 %,0.00 %,7808449406,0.0,0.0%,345195,8 %,30017,402972,397159,388689,377685,361190,356314,346353,343497,335567,353.97,11.81
ICELAND,341628,0.65 %,2212,3,100250,380.0,1.8,37,94 %,0.00 %,7808449406,0.0,0.0%,321130,6 %,20497,367485,357552,350755,343765,328412,327328,316757,314082,302280,3.41,13.02
VANUATU,308337,2.42 %,7263,25,12190,120.0,3.8,21,24 %,0.00 %,7808449406,0.0,0.0%,74000,76 %,234336,331000,323981,320430,309296,297214,292317,286066,278438,272563,25.29,13.13
FRENCH GUIANA,299958,2.70 %,7850,4,82200,1200.0,3.4,25,87 %,0.00 %,7808449406,0.0,0.0%,260963,13 %,38994,321986,316507,306801,302888,289556,284676,278325,272979,269215,3.65,11.42
BARBADOS,287437,0.12 %,350,668,430,-79.0,1.6,40,31 %,0.00 %,7808449406,0.0,0.0%,89105,69 %,198331,310271,299137,294238,291323,277020,274520,265531,262659,255097,668.46,12.68
NEW CALEDONIA,285972,0.97 %,2748,16,18280,502.0,2.0,34,72 %,0.00 %,7808449406,0.0,0.0%,205899,28 %,80072,307248,302540,297160,288123,277215,273445,265165,261610,253670,15.64,12.73
FRENCH POLYNESIA,281191,0.58 %,1621,77,3660,-1000.0,2.0,34,64 %,0.00 %,7808449406,0.0,0.0%,179962,36 %,101228,302481,298023,291869,286482,275341,267593,263386,258132,252707,76.83,11.27
MAYOTTE,273905,2.50 %,6665,728,375,0.0,3.7,20,46 %,0.00 %,7808449406,0.0,0.0%,125996,54 %,147908,295479,286768,280987,275129,264466,258720,253154,251011,246200,730.41,11.25
SAO TOME & PRINCIPE,219844,1.91 %,4103,228,960,-1680.0,4.4,19,74 %,0.00 %,7808449406,0.0,0.0%,162684,26 %,57159,235351,232999,225428,224167,211493,207193,203799,201142,195282,229.0,12.58
SAMOA,198643,0.67 %,1317,70,2830,-2803.0,3.9,22,18 %,0.00 %,7808449406,0.0,0.0%,35755,82 %,162887,210563,209552,204939,201702,194350,187625,184472,180832,176928,70.19,12.27
SAINT LUCIA,183774,0.46 %,837,301,610,0.0,1.4,34,19 %,0.00 %,7808449406,0.0,0.0%,34917,81 %,148856,197296,192675,187947,185183,178481,173156,172394,168660,164054,301.27,12.02
CHANNEL ISLANDS,174140,0.93 %,1604,915,190,1351.0,1.5,43,30 %,0.00 %,7808449406,0.0,0.0%,52242,70 %,121898,187432,182175,180747,174924,169060,165018,161103,159782,153264,916.53,13.62
GUAM,169031,0.89 %,1481,313,540,-506.0,2.3,31,95 %,0.00 %,7808449406,0.0,0.0%,160579,5 %,8451,179173,175939,175424,172327,165573,161150,157272,152540,149145,313.02,13.33
CURAÇAO,164211,0.41 %,669,370,444,515.0,1.8,42,89 %,0.00 %,7808449406,0.0,0.0%,146147,11 %,18063,176181,172450,169327,165735,158170,155968,153465,148375,144758,369.84,13.44
KIRIBATI,119760,1.57 %,1843,147,810,-800.0,3.6,23,57 %,0.00 %,7808449406,0.0,0.0%,68263,43 %,51496,127063,126296,122634,122050,115182,114937,111807,108164,106839,147.85,12.09
MICRONESIA,115231,1.06 %,1208,164,700,-600.0,3.1,24,21 %,0.00 %,7808449406,0.0,0.0%,24198,79 %,91032,123292,120075,118975,117359,111513,109893,106179,104483,102498,164.62,12.42
GRENADA,112614,0.46 %,520,331,340,-200.0,2.1,32,35 %,0.00 %,7808449406,0.0,0.0%,39414,65 %,73199,119528,117198,117089,113023,109974,107127,104427,103219,100668,331.22,11.87
ST. VINCENT & GRENADINES,111002,0.32 %,351,284,390,-200.0,1.9,33,53 %,0.00 %,7808449406,0.0,0.0%,58831,47 %,52170,119692,117595,113743,112114,108150,105561,103167,101832,98322,284.62,12.9
ARUBA,106845,0.43 %,452,593,180,201.0,1.9,41,44 %,0.00 %,7808449406,0.0,0.0%,47011,56 %,59833,114741,111824,110265,107806,103361,102186,99810,97600,94396,593.58,13.19
TONGA,105901,1.15 %,1201,147,720,-800.0,3.6,22,24 %,0.00 %,7808449406,0.0,0.0%,25416,76 %,80484,113108,111611,109674,106136,102452,100783,98973,95959,94158,147.08,12.47
U.S. VIRGIN ISLANDS,104398,-0.15 %,-153,298,350,-451.0,2.0,43,96 %,0.00 %,7808449406,0.0,0.0%,100222,4 %,4175,111228,108633,107690,106349,101718,100151,97418,95554,93586,298.28,11.55
SEYCHELLES,98453,0.62 %,608,214,460,-200.0,2.5,34,56 %,0.00 %,7808449406,0.0,0.0%,55133,44 %,43319,105866,103178,102121,99930,96240,94048,91242,90359,87554,214.03,12.45
ANTIGUA AND BARBUDA,98069,0.84 %,811,223,440,0.0,2.0,34,26 %,0.00 %,7808449406,0.0,0.0%,25497,74 %,72571,104642,103398,101033,99888,95473,93502,91297,89850,86884,222.88,12.87
ISLE OF MAN,85112,0.53 %,449,149,570,0.0,0.0,0,53 %,0.00 %,7808449406,0.0,0.0%,45109,47 %,40002,91303,88904,87644,86173,82514,80059,78911,77269,74952,149.32,13.56
ANDORRA,77287,0.16 %,123,164,470,0.0,0.0,0,88 %,0.00 %,7808449406,0.0,0.0%,68012,12 %,9274,83217,81578,78917,78277,74305,73136,71554,70143,69485,164.44,11.23
DOMINICA,72017,0.25 %,178,96,750,0.0,0.0,0,74 %,0.00 %,7808449406,0.0,0.0%,53292,26 %,18724,77617,75574,74582,72130,69966,68379,67138,65129,63884,96.02,12.73
CAYMAN ISLANDS,65854,1.19 %,774,274,240,0.0,0.0,0,97 %,0.00 %,7808449406,0.0,0.0%,63878,3 %,1975,70219,69196,67879,66308,63594,62660,60668,59936,59064,274.39,11.5
BERMUDA,62237,-0.36 %,-228,1246,50,0.0,0.0,0,97 %,0.00 %,7808449406,0.0,0.0%,60369,3 %,1867,66868,65817,63566,62263,59945,59195,57417,57092,55740,1244.74,11.66
MARSHALL ISLANDS,59259,0.68 %,399,329,180,0.0,0.0,0,70 %,0.00 %,7808449406,0.0,0.0%,41481,30 %,17777,62969,61895,61153,59292,57010,56839,54779,54467,53202,329.22,11.38
NORTHERN MARIANA ISLANDS,57619,0.60 %,343,125,460,0.0,0.0,0,88 %,0.00 %,7808449406,0.0,0.0%,50704,12 %,6914,61502,60625,59570,58423,55972,54496,53867,52280,51755,125.26,11.33
GREENLAND,56787,0.17 %,98,0,410450,0.0,0.0,0,87 %,0.00 %,7808449406,0.0,0.0%,49404,13 %,7382,60725,60114,58917,57041,54656,54058,53175,51324,50873,0.14,11.63
AMERICAN SAMOA,55169,-0.22 %,-121,276,200,0.0,0.0,0,88 %,0.00 %,7808449406,0.0,0.0%,48548,12 %,6620,59125,57539,56321,55415,53266,52088,51299,49762,48888,275.85,12.85
SAINT KITTS & NEVIS,53264,0.71 %,376,205,260,0.0,0.0,0,33 %,0.00 %,7808449406,0.0,0.0%,17577,67 %,35686,56797,56424,55341,53570,51691,51130,49054,48268,47601,204.86,11.9
FAEROE ISLANDS,48896,0.38 %,185,35,1396,0.0,0.0,0,43 %,0.00 %,7808449406,0.0,0.0%,21025,57 %,27870,52677,50952,50008,49849,47702,46583,45728,44961,43499,35.03,12.41
SINT MAARTEN,42960,1.15 %,488,1261,34,0.0,0.0,0,96 %,0.00 %,7808449406,0.0,0.0%,41241,4 %,1718,45770,44870,44161,43490,41417,40404,39968,39299,38438,1263.53,11.76
MONACO,39290,0.71 %,278,26337,1,0.0,0.0,0,0,0.00 %,7808449406,0.0,0.0%,0,0 %,0,42062,41636,40497,39371,38227,37416,36678,35489,34620,39290.0,13.49
TURKS AND CAICOS,38806,1.38 %,526,41,950,0.0,0.0,0,89 %,0.00 %,7808449406,0.0,0.0%,34537,11 %,4268,41400,40970,39924,39452,37271,37109,36063,35378,34224,40.85,13.39
SAINT MARTIN,38778,1.75 %,664,730,53,0.0,0.0,0,0 %,0.00 %,7808449406,0.0,0.0%,0,0 %,0,41571,40606,40284,38899,37670,36796,36445,35509,34846,731.66,11.28
LIECHTENSTEIN,38147,0.29 %,109,238,160,0.0,0.0,0,15 %,0.00 %,7808449406,0.0,0.0%,5722,85 %,32424,41024,39822,39617,38746,36830,36342,35809,35048,34194,238.42,11.56
SAN MARINO,33944,0.21 %,71,566,60,0.0,0.0,0,97 %,0.00 %,7808449406,0.0,0.0%,32925,3 %,1018,36352,35926,34707,34140,32923,31918,31295,31154,30036,565.73,13.01
GIBRALTAR,33689,-0.03 %,-10,3369,10,0.0,0.0,0,0,0.00 %,7808449406,0.0,0.0%,0,0 %,0,36208,35217,34734,33924,32574,32061,31257,30501,29942,3368.9,12.51
BRITISH VIRGIN ISLANDS,30266,0.67 %,201,202,150,0.0,0.0,0,52 %,0.00 %,7808449406,0.0,0.0%,15738,48 %,14527,32144,32003,31219,30807,29074,29003,27926,27514,26756,201.77,13.12
CARIBBEAN NETHERLANDS,26265,0.94 %,244,80,328,0.0,0.0,0,75 %,0.00 %,7808449406,0.0,0.0%,19698,25 %,6566,28009,27661,26946,26620,25520,25096,24418,23910,23161,80.08,13.4
PALAU,18109,0.48 %,86,39,460,0.0,0.0,0,0,0.00 %,7808449406,0.0,0.0%,0,0 %,0,19248,18913,18592,18387,17723,17312,17009,16418,16208,39.37,11.73
COOK ISLANDS,17567,0.09 %,16,73,240,0.0,0.0,0,75 %,0.00 %,7808449406,0.0,0.0%,13175,25 %,4391,18929,18294,18140,17756,17042,16731,16290,15915,15751,73.2,11.53
ANGUILLA,15026,0.90 %,134,167,90,0.0,0.0,0,0,0.00 %,7808449406,0.0,0.0%,0,0 %,0,16056,15857,15357,15063,14505,14328,14124,13745,13407,166.96,12.08
TUVALU,11817,1.25 %,146,393,30,0.0,0.0,0,62 %,0.00 %,7808449406,0.0,0.0%,7326,38 %,4490,12710,12483,12254,11862,11368,11222,10965,10797,10601,393.9,11.47
WALLIS & FUTUNA,11203,-1.69 %,-193,80,140,0.0,0.0,0,0 %,0.00 %,7808449406,0.0,0.0%,0,0 %,0,11928,11721,11448,11235,10820,10565,10523,10184,9939,80.02,12.72
NAURU,10836,0.63 %,68,541,20,0.0,0.0,0,0,0.00 %,7808449406,0.0,0.0%,0,0 %,0,11544,11372,11265,11047,10603,10338,10173,9928,9659,541.8,12.19
SAINT BARTHELEMY,9882,0.30 %,30,470,21,0.0,0.0,0,0 %,0.00 %,7808449406,0.0,0.0%,0,0 %,0,10538,10444,10251,10040,9673,9320,9230,9035,8833,470.57,11.88
SAINT HELENA,6080,0.30 %,18,16,390,0.0,0.0,0,27 %,0.00 %,7808449406,0.0,0.0%,1641,73 %,4438,6557,6384,6289,6168,5883,5760,5627,5580,5363,15.59,13.37
SAINT PIERRE & MIQUELON,5789,-0.48 %,-28,25,230,0.0,0.0,0,100 %,0.00 %,7808449406,0.0,0.0%,5789,0 %,0,6205,6087,5968,5839,5584,5451,5410,5271,5150,25.17,12.41
MONTSERRAT,4993,0.06 %,3,50,100,0.0,0.0,0,10 %,0.00 %,7808449406,0.0,0.0%,499,90 %,4493,5380,5267,5180,5040,4838,4760,4691,4568,4448,49.93,12.25
FALKLAND ISLANDS,3497,3.05 %,103,0,12170,0.0,0.0,0,66 %,0.00 %,7808449406,0.0,0.0%,2308,34 %,1188,3715,3642,3631,3521,3401,3288,3221,3190,3088,0.29,13.24
NIUE,1628,0.68 %,11,6,260,0.0,0.0,0,46 %,0.00 %,7808449406,0.0,0.0%,748,54 %,879,1735,1725,1668,1637,1565,1535,1522,1485,1441,6.26,12.98
TOKELAU,1360,1.27 %,17,136,10,0.0,0.0,0,0 %,0.00 %,7808449406,0.0,0.0%,0,0 %,0,1468,1424,1400,1380,1309,1294,1265,1240,1199,136.0,13.43
HOLY SEE,801,0.25 %,2,2003,0,0.0,0.0,0,0,0.00 %,7808449406,0.0,0.0%,0,0 %,0,857,839,830,801,779,754,748,725,705,,13.62
